INSERT INTO WebUser(userName) VALUES ('Bob');
INSERT INTO WebUser(userName) VALUES ('Puzzles');
INSERT INTO WebUser(userName) VALUES ('Dave');
INSERT INTO WebUser(userName) VALUES ('Tom');

INSERT INTO Class (ownerName, department, dateOfFounding) VALUES ('Bob', 'IT','2022-9-1');
INSERT INTO Class (ownerName, department, dateOfFounding) VALUES ('Tom', 'EL','2022-9-1');

INSERT INTO Student(classId, userName, firstname, lastname, depositAmount, toPayAmount) VALUES (1, 'Bob', 'Bob', 'Bobleau', 22.5, 10.5);
INSERT INTO Student(classId, userName, firstname, lastname, depositAmount, toPayAmount) VALUES (1, 'Puzzles', 'Puzzles', '00Z', 50.5, 40.5);
INSERT INTO Student(classId, userName, firstname, lastname, depositAmount, toPayAmount) VALUES (1, 'Dave', 'Benjamin', 'BS', 32.5, 14.5);
INSERT INTO Student(classId, userName, firstname, lastname, depositAmount, toPayAmount) VALUES (1, 'Tom', 'Tom', 'Turbo', 22.8, 30.5);
INSERT INTO Student(classId, userName, firstname, lastname, depositAmount, toPayAmount) VALUES (1, 'Bob', 'Bob', 'Bobleau', 22.5, 10.5);
INSERT INTO Student(classId, userName, firstname, lastname, depositAmount, toPayAmount) VALUES (1, 'Puzzles', 'Puzzles', '00Z', 50.5, 40.5);
INSERT INTO Student(classId, userName, firstname, lastname, depositAmount, toPayAmount) VALUES (1, 'Dave', 'Benjamin', 'BS', 32.5, 14.5);
INSERT INTO Student(classId, userName, firstname, lastname, depositAmount, toPayAmount) VALUES (1, 'Tom', 'Tom', 'Turbo', 22.8, 30.5);
INSERT INTO Student(classId, userName, firstname, lastname, depositAmount, toPayAmount) VALUES (1, 'Bob', 'Bob', 'Bobleau', 22.5, 10.5);
INSERT INTO Student(classId, userName, firstname, lastname, depositAmount, toPayAmount) VALUES (1, 'Puzzles', 'Puzzles', '00Z', 50.5, 40.5);
INSERT INTO Student(classId, userName, firstname, lastname, depositAmount, toPayAmount) VALUES (1, 'Dave', 'Benjamin', 'BS', 32.5, 14.5);
INSERT INTO Student(classId, userName, firstname, lastname, depositAmount, toPayAmount) VALUES (1, 'Tom', 'Tom', 'Turbo', 22.8, 30.5);
INSERT INTO Student(classId, userName, firstname, lastname, depositAmount, toPayAmount) VALUES (1, 'Bob', 'Bob', 'Bobleau', 22.5, 10.5);
INSERT INTO Student(classId, userName, firstname, lastname, depositAmount, toPayAmount) VALUES (1, 'Puzzles', 'Puzzles', '00Z', 50.5, 40.5);
INSERT INTO Student(classId, userName, firstname, lastname, depositAmount, toPayAmount) VALUES (1, 'Dave', 'Benjamin', 'BS', 32.5, 14.5);
INSERT INTO Student(classId, userName, firstname, lastname, depositAmount, toPayAmount) VALUES (1, 'Tom', 'Tom', 'Turbo', 22.8, 30.5);


INSERT INTO Student(classId, userName, firstname, lastname, depositAmount, toPayAmount) VALUES (2, 'Tom', 'Tom', 'Turbo', 2.8, 302.5);
